file,sha256,bytes,experiment,experiment_note,dataset,mode,k,n_cycles,replicate,model,engines,rmse,mae,nasa_score,distinct_values,modal_value,modal_share_pct,entropy_bits,pred_mean,true_mean,empty_reasoning,reasoning_chars_mean,example_seed
results/traces_FD001_few_shot_k10.json,d318deffa66466977d7a91cb365fd1435275b54ac9f62123c0f72e76c9055e26,41862,original grid,"27 runs on FD001 and FD003, k x n, original example sampler",FD001,few_shot,10,5,run1,llama3.1:8b,100,60.3115,50.68,43626.7,7,23.0,53.0,1.85,27.95,74.45,0,320.4,
results/traces_FD001_few_shot_k10_n15.json,bb984625a34c26c946a42e5c485d0b14d9ea5ed23eb359f32a069cafac499b32,38170,original grid,"27 runs on FD001 and FD003, k x n, original example sampler",FD001,few_shot,10,15,run1,llama3.1:8b,100,53.6467,46.35,23306.8,7,45.0,37.0,1.9808,40.6,74.45,0,283.5,
results/traces_FD001_few_shot_k10_n30.json,8d7b4274a8ad0ada80e09d71b6dfe41c552cfe19d5f90a7ccbab7cfe44b9da93,40771,original grid,"27 runs on FD001 and FD003, k x n, original example sampler",FD001,few_shot,10,30,run1,llama3.1:8b,100,45.598,36.32,79567.8,8,95.0,34.0,2.3002,92.87,74.45,0,309.2,
results/traces_FD001_few_shot_k3.json,7e06cfec8aba3c11056577a89ce691faa910910a925ebce3f0f2462219a1e1d3,38651,original grid,"27 runs on FD001 and FD003, k x n, original example sampler",FD001,few_shot,3,5,run1,llama3.1:8b,100,62.5034,52.38,49741.4,3,23.0,82.0,0.8536,26.63,74.45,0,288.3,
results/traces_FD001_few_shot_k3_n15.json,431b5ffdfce6536a590f08df88867cd46ff5f262a265a0dc4ad1f44a4de3d861,43184,original grid,"27 runs on FD001 and FD003, k x n, original example sampler",FD001,few_shot,3,15,run1,llama3.1:8b,100,55.3122,47.98,25295.8,3,45.0,64.0,1.152,38.03,74.45,0,333.6,
results/traces_FD001_few_shot_k3_n30.json,f0af2342a3b45797d620435cffe9fcd8714cb508a8c802c2799edb378f7c3f74,41170,original grid,"27 runs on FD001 and FD003, k x n, original example sampler",FD001,few_shot,3,30,run1,llama3.1:8b,100,50.5391,40.7,133633.5,11,95.0,39.0,2.3421,91.69,74.45,0,313.1,
results/traces_FD001_few_shot_k5.json,68129e007c8ba3b8f16fb30e36646e405c7fdc30f9d6e0a59201bdf69b5d50b1,38526,original grid,"27 runs on FD001 and FD003, k x n, original example sampler",FD001,few_shot,5,5,run1,llama3.1:8b,100,61.7846,52.38,41801.4,3,23.0,76.0,1.0338,27.95,74.45,0,287.0,
results/traces_FD001_few_shot_k5_n15.json,15e4b47b6a30433d95c2a4da72333ef4c45b1d8000f39c0f16bc3e9c3e68d49c,43354,original grid,"27 runs on FD001 and FD003, k x n, original example sampler",FD001,few_shot,5,15,run1,llama3.1:8b,100,53.9629,46.99,18572.5,5,45.0,57.0,1.492,38.28,74.45,0,335.3,
results/traces_FD001_few_shot_k5_n30.json,cb0ea19cae2149ea4d0cf35f7883da0c3fa1d538bf4fb695d074ae5bda6e1d2b,41146,original grid,"27 runs on FD001 and FD003, k x n, original example sampler",FD001,few_shot,5,30,run1,llama3.1:8b,100,46.9279,37.59,119410.5,8,95.0,40.0,2.2368,91.9,74.45,0,312.9,
results/traces_FD001_zero_shot_k0.json,80752c8dcd1fb1349344749e9ceb8ed5d2f01d1e891e9038c42ca279a1d22587,45800,original grid,"27 runs on FD001 and FD003, k x n, original example sampler",FD001,zero_shot,0,5,run1,llama3.1:8b,100,60.8985,51.07,41333.3,3,23.0,68.0,0.9686,28.98,74.45,0,359.8,
results/traces_FD001_zero_shot_k0_n15.json,49fee80214fbadbce578f19ae52271b8fa2b939efc98f2befe1e3aad25bf7c71,47292,original grid,"27 runs on FD001 and FD003, k x n, original example sampler",FD001,zero_shot,0,15,run1,llama3.1:8b,100,61.9118,52.01,45218.2,2,23.0,84.0,0.6343,26.04,74.45,0,374.7,
results/traces_FD001_zero_shot_k0_n30.json,2307cca2f34131ee8c384a0b1e33ba249db24f838a5fd9883f0588e0fb8c6e3a,47080,original grid,"27 runs on FD001 and FD003, k x n, original example sampler",FD001,zero_shot,0,30,run1,llama3.1:8b,100,62.8302,52.58,48468.8,2,23.0,85.0,0.6098,25.85,74.45,0,372.6,
results/traces_FD001_zero_shot_k0_n30_run2.json,d9e102f2c6dcbf2e21f73f7db0422a39d9b5d76736a8c0302e9ea92dc5b0fb47,47893,original grid,"27 runs on FD001 and FD003, k x n, original example sampler",FD001,zero_shot,0,30,run2,llama3.1:8b,100,61.8089,51.34,45488.1,2,23.0,81.0,0.7015,26.61,74.45,0,380.7,
results/traces_FD001_zero_shot_k0_n30_run3.json,a2359ca1b052068c7a24361600f0ea77c75d33c9da215d36ee8f0a3a70891c70,47537,original grid,"27 runs on FD001 and FD003, k x n, original example sampler",FD001,zero_shot,0,30,run3,llama3.1:8b,100,61.7443,51.82,43301.3,2,23.0,81.0,0.7015,26.61,74.45,0,377.1,
results/traces_FD001_zero_shot_k0_n30_run4.json,8951356e2d5032511422adbbf96db46d90894929773bd0d79cb7a31c5a259f2b,47352,original grid,"27 runs on FD001 and FD003, k x n, original example sampler",FD001,zero_shot,0,30,run4,llama3.1:8b,100,61.5224,51.22,45986.9,3,23.0,80.0,0.7792,26.83,74.45,0,375.3,
results/traces_FD003_few_shot_k10.json,c9fe3509f67c9b0eef9c95325c64facd1adf54a42d93b9b8ef10d8fa95c1136e,40248,original grid,"27 runs on FD001 and FD003, k x n, original example sampler",FD003,few_shot,10,5,run1,llama3.1:8b,100,73.0199,62.27,149709.5,5,10.0,92.0,0.5422,11.93,73.76,0,304.2,
results/traces_FD003_few_shot_k10_n15.json,6aa77d8098253e0919831e41104f565bfbe448b3ea62fdf7c7286633ec1bcd21,37517,original grid,"27 runs on FD001 and FD003, k x n, original example sampler",FD003,few_shot,10,15,run1,llama3.1:8b,100,52.2577,43.63,21286.8,3,30.0,49.0,1.4925,38.65,73.76,0,276.9,
results/traces_FD003_few_shot_k10_n30.json,b520ac3b60984ab52e0eb51d5f51ff4d050b2b6f461664ed285e1964fd9a55da,40828,original grid,"27 runs on FD001 and FD003, k x n, original example sampler",FD003,few_shot,10,30,run1,llama3.1:8b,100,47.5801,40.51,71047.6,8,95.0,33.0,2.4774,81.97,73.76,0,310.0,
results/traces_FD003_few_shot_k3.json,03d1f27b8fe7450a3e01f4e350a85ea9f11f777836aa9c9173200766429a3719,38650,original grid,"27 runs on FD001 and FD003, k x n, original example sampler",FD003,few_shot,3,5,run1,llama3.1:8b,100,55.9611,46.52,32049.5,5,23.0,49.0,1.6527,33.06,73.76,0,288.3,
results/traces_FD003_few_shot_k3_n15.json,3b44ba42365e07cadcef707284ba3d76681d21452e372ddb607b10446f7595b0,43779,original grid,"27 runs on FD001 and FD003, k x n, original example sampler",FD003,few_shot,3,15,run1,llama3.1:8b,100,51.7109,42.88,20279.4,3,45.0,73.0,1.0782,40.58,73.76,0,339.6,
results/traces_FD003_few_shot_k3_n30.json,0ee7e603bb29323c61d905ab0c1c283189ab0409e3f327e51e8bc1d9ef696bb4,41655,original grid,"27 runs on FD001 and FD003, k x n, original example sampler",FD003,few_shot,3,30,run1,llama3.1:8b,100,46.3833,38.93,108143.2,8,95.0,33.0,2.4683,88.67,73.76,0,318.1,
results/traces_FD003_few_shot_k5.json,12810c0109804b4038789fe00aabf4da93f97f02ed9a92ee319443fc76819674,38615,original grid,"27 runs on FD001 and FD003, k x n, original example sampler",FD003,few_shot,5,5,run1,llama3.1:8b,100,55.9815,46.75,32901.7,3,23.0,57.0,1.387,32.01,73.76,0,287.9,
results/traces_FD003_few_shot_k5_n15.json,2196976b6d2718ee6980bc01bd48489ab61783768d0691d463be830dd53ab21f,42560,original grid,"27 runs on FD001 and FD003, k x n, original example sampler",FD003,few_shot,5,15,run1,llama3.1:8b,100,51.3555,42.91,19888.0,5,45.0,74.0,1.1923,40.95,73.76,0,327.4,
results/traces_FD003_few_shot_k5_n30.json,6edfdbbe8d795af188e96b02fba47117760444cc9b941ef5c4a8b11c727ae9d0,41524,original grid,"27 runs on FD001 and FD003, k x n, original example sampler",FD003,few_shot,5,30,run1,llama3.1:8b,100,45.7149,38.45,55699.6,10,95.0,29.0,2.712,84.97,73.76,0,316.8,
results/traces_FD003_zero_shot_k0.json,2bf98ffcda3ba4087944442b64e3a6eea140c0379582e265c52dac44aac9e061,44438,original grid,"27 runs on FD001 and FD003, k x n, original example sampler",FD003,zero_shot,0,5,run1,llama3.1:8b,100,58.5579,49.13,37417.6,2,23.0,61.0,0.9648,30.41,73.76,0,346.1,
results/traces_FD003_zero_shot_k0_n15.json,8b68f5729de8542bf9d60c7e4f983dbf243d366d65752907b3891eddd08a0f9d,43992,original grid,"27 runs on FD001 and FD003, k x n, original example sampler",FD003,zero_shot,0,15,run1,llama3.1:8b,100,60.4208,50.55,47524.6,3,23.0,71.0,0.9315,28.29,73.76,0,341.7,
results/traces_FD003_zero_shot_k0_n30.json,5b1809371c6a1c82dd01e6d46e98db87268592ed2cd20f476c43ec837eb94d38,41630,original grid,"27 runs on FD001 and FD003, k x n, original example sampler",FD003,zero_shot,0,30,run1,llama3.1:8b,100,56.2982,46.57,33469.2,2,23.0,51.0,0.9997,32.31,73.76,0,318.1,
results_p0/traces_p0_FD001_zs_n30_invcue.json,616522180d57c1fda8f5a04c0484b09de1b80ac23b75e97c5bb6616b0c1f48a0,46829,control arms,paired prompt controls on FD001 zero-shot n=30,FD001,zero_shot,0,30,run1,llama3.1:8b,100,62.3246,52.24,44511.9,5,23.0,84.0,0.8241,25.87,74.45,0,348.1,
results_p0/traces_p0_FD001_zs_n30_nocue.json,acfb0abeaaf99a9c20a5038dd842b5688abd340261750805fae93e20aabfb2c3,43779,control arms,paired prompt controls on FD001 zero-shot n=30,FD001,zero_shot,0,30,run1,llama3.1:8b,100,59.1326,49.62,32450.1,4,23.0,69.0,1.0629,28.71,74.45,0,318.6,
results_p0/traces_p0_FD001_zs_n30_repl.json,e7e3b4d9ad14ca7847ac4c0dc29c1655bfd45fa8255907512420de80c9a29930,49533,control arms,paired prompt controls on FD001 zero-shot n=30,FD001,zero_shot,0,30,run1,llama3.1:8b,100,61.573,50.94,44023.3,3,23.0,80.0,0.7792,26.81,74.45,0,377.1,
results_p0/traces_p0_FD001_zs_n30_revdata.json,bc6854e43185a692a37f0cf2a1f19dd654c8dc0702b2be44fc3b5f734bee55e8,50607,control arms,paired prompt controls on FD001 zero-shot n=30,FD001,zero_shot,0,30,run1,llama3.1:8b,100,61.2073,51.45,43687.6,4,23.0,77.0,0.934,27.42,74.45,0,384.8,
results_p1/traces_p1_FD001_fs_k5_n5_asis_seed1.json,a3f5393f4e37bc7efc48061cec11686d60202fd72cdebb957fa20055c4514aba,42192,example-set experiment,"k fixed, only the examples change, FD001",FD001,few_shot,5,5,run1,llama3.1:8b,100,62.489,52.53,48689.9,3,23.0,84.0,0.7943,26.28,74.45,0,281.7,1
results_p1/traces_p1_FD001_fs_k5_n5_random_seed1.json,bef597dc3d852ad88181c4fabb397c6b02cfd7b660caede879c48423d9516f02,44113,example-set experiment,"k fixed, only the examples change, FD001",FD001,few_shot,5,5,run1,llama3.1:8b,100,43.6789,37.67,10900.6,11,53.0,26.0,2.8659,63.84,74.45,0,298.9,1
results_p1/traces_p1_FD001_fs_k5_n5_random_seed2.json,38872e5ae1db097c6c8b4c259c7b91f6c5ee219b11dc4477ff721ad969416e21,43059,example-set experiment,"k fixed, only the examples change, FD001",FD001,few_shot,5,5,run1,llama3.1:8b,100,41.2724,36.65,7123.5,4,73.0,65.0,1.2044,66.44,74.45,0,288.4,2
results_p1/traces_p1_FD001_fs_k5_n5_random_seed3.json,89ea0581f2c327bc32698ff1a9f1147da5050dca7ebcc9c41324b43840689d5e,46916,example-set experiment,"k fixed, only the examples change, FD001",FD001,few_shot,5,5,run1,llama3.1:8b,100,38.6819,33.41,5767.9,11,80.0,43.0,2.1454,67.2,74.45,0,326.9,3
results_p1/traces_p1_FD001_fs_k5_n5_strat_seed1.json,ef6512e40334e4dd267e1cb491036a6bf8ffb32f0db02c853fb8b33932e17099,44885,example-set experiment,"k fixed, only the examples change, FD001",FD001,few_shot,5,5,run1,llama3.1:8b,100,50.5971,44.07,14098.2,5,45.0,67.0,1.2827,43.74,74.45,0,307.6,1
results_p1/traces_p1_FD001_fs_k5_n5_strat_seed2.json,a65810cda6a417db507d964e55e1ed363cc5c03c51fe93543d642b87de7b0a1d,44118,example-set experiment,"k fixed, only the examples change, FD001",FD001,few_shot,5,5,run1,llama3.1:8b,100,44.3672,35.21,22304.7,8,80.0,32.0,2.4109,55.1,74.45,0,299.9,2
results_p1/traces_p1_FD001_fs_k5_n5_strat_seed3.json,3f51b012436b48fdc6c2e6cdb3662889fc1938d0063ee704b972a286d33a931e,42988,example-set experiment,"k fixed, only the examples change, FD001",FD001,few_shot,5,5,run1,llama3.1:8b,100,60.7112,49.23,50100.5,4,23.0,85.0,0.7837,31.6,74.45,0,288.6,3
results_p1/traces_p1_FD001_zs_n30_deepseek-r1_7b.json,f35c06a3b40759a65da948dbcf88e0bdb9e72400911271cb56a69148229fe0f3,83552,model sweep,"one configuration, different models, FD001 zero-shot n=30",FD001,zero_shot,0,30,run1,deepseek-r1:7b,50,67.3059,57.88,44881.9,19,12.0,24.0,3.5178,21.58,74.38,0,727.0,
results_p1/traces_p1_FD001_zs_n30_llama3.1_8b-instruct-q8_0.json,abe195bdd30dbce1544c5c740e2e6303e88b724f7d9b02d1238f2ea288e80246,105902,model sweep,"one configuration, different models, FD001 zero-shot n=30",FD001,zero_shot,0,30,run1,llama3.1:8b-instruct-q8_0,100,52.3999,44.57,16379.9,5,42.0,80.0,0.9933,39.02,74.45,0,424.9,
results_p1/traces_p1_FD001_zs_n30_mistral_7b.json,9e10a1d78212b8d7c0a5d4ce3015ec7c10fb0a51180d2a0140b814a8d1fc7bf1,79974,model sweep,"one configuration, different models, FD001 zero-shot n=30",FD001,zero_shot,0,30,run1,mistral:7b,100,46.8814,40.39,10641.1,4,60.0,50.0,1.2335,50.5,74.45,0,302.2,
results_p1/traces_p1_FD001_zs_n30_qwen2.5_7b.json,3abddaad58476a1d4bf6b8879afa6067fc0d5bea8e94f4bae605c3e0e66d256c,70596,model sweep,"one configuration, different models, FD001 zero-shot n=30",FD001,zero_shot,0,30,run1,qwen2.5:7b,100,71.695,60.45,107311.7,1,15.0,100.0,-0.0,15.0,74.45,0,255.9,
results_p1/traces_p1_grid_FD001_fs_k10_n15.json,38a1051d2712c97b842d967fcf80705ce00cb8bbc9b221e44e699382cbca0ed2,38782,corrected grid,"k x n re-run with the stratified example sampler, FD001",FD001,few_shot,10,15,run1,llama3.1:8b,100,41.9627,38.03,5537.2,1,62.0,100.0,-0.0,62.0,74.45,0,261.6,
results_p1/traces_p1_grid_FD001_fs_k10_n30.json,71d098395be688a47df7598105a52c7f76ec42f8cca7851fd5fa613e3d177e2c,38821,corrected grid,"k x n re-run with the stratified example sampler, FD001",FD001,few_shot,10,30,run1,llama3.1:8b,100,64.5071,50.55,1502460.8,1,125.0,100.0,-0.0,125.0,74.45,0,261.0,
results_p1/traces_p1_grid_FD001_fs_k10_n5.json,2ac8d975de64ec62e8f0ef04a1493392cbc13efb67f98ca5e25b522fad97d47e,39703,corrected grid,"k x n re-run with the stratified example sampler, FD001",FD001,few_shot,10,5,run1,llama3.1:8b,100,49.7028,43.57,11065.0,2,45.0,98.0,0.1414,44.96,74.45,0,271.8,
results_p1/traces_p1_grid_FD001_fs_k3_n15.json,6f55ef49e754af5a8050cb1e7cfcc823c965fd08d335d2a91deb9690a356ce31,41586,corrected grid,"k x n re-run with the stratified example sampler, FD001",FD001,few_shot,3,15,run1,llama3.1:8b,100,51.0193,44.13,13614.2,5,42.0,81.0,0.928,43.04,74.45,0,290.6,
results_p1/traces_p1_grid_FD001_fs_k3_n30.json,f8d98662dfeb1cac16dc40adaceed1ae6623147d3d877a51efcd937f2241e673,44670,corrected grid,"k x n re-run with the stratified example sampler, FD001",FD001,few_shot,3,30,run1,llama3.1:8b,100,50.4678,44.2,12207.4,5,45.0,57.0,1.2378,43.93,74.45,0,321.5,
results_p1/traces_p1_grid_FD001_fs_k3_n5.json,de014c8278f0092aacda397073cc99ee8f073f29b666e7b49254bcb319f70305,44253,corrected grid,"k x n re-run with the stratified example sampler, FD001",FD001,few_shot,3,5,run1,llama3.1:8b,100,51.5642,44.93,13721.5,1,42.0,100.0,-0.0,42.0,74.45,0,318.3,
results_p1/traces_p1_grid_FD001_fs_k5_n15.json,63c23f3926b4b6cf4ff6dcac9a4b2d0b32cfbf5619eaa165c67e929eaa081384,40565,corrected grid,"k x n re-run with the stratified example sampler, FD001",FD001,few_shot,5,15,run1,llama3.1:8b,100,50.662,44.24,12409.3,4,42.0,52.0,1.1388,43.37,74.45,0,280.4,
results_p1/traces_p1_grid_FD001_fs_k5_n30.json,f5702a89ef5f0bd05d8776dda65bb68cd5478e713e14c5cad83e9cb3b4ffb1e0,44340,corrected grid,"k x n re-run with the stratified example sampler, FD001",FD001,few_shot,5,30,run1,llama3.1:8b,100,49.3819,38.11,328258.5,4,105.0,42.0,1.6469,99.5,74.45,0,317.6,
results_p1/traces_p1_grid_FD001_fs_k5_n5.json,2a70bdef1b6e4592d240668144e14ec3983b686c90b3b05fc68c7c47d222db5a,42440,corrected grid,"k x n re-run with the stratified example sampler, FD001",FD001,few_shot,5,5,run1,llama3.1:8b,100,49.9995,43.65,11555.7,4,45.0,70.0,1.1578,44.14,74.45,0,300.2,
results_p1/traces_p2_FD002_zs_n30.json,986a616c097d2f53bbd87bdb4658a9050ecd39b46847ac0af422d8595a8d17f9,119194,multi-condition,"FD002 and FD004, zero-shot n=30, per-regime scaling",FD002,zero_shot,0,30,run1,llama3.1:8b,259,63.2,52.9923,146693.8,4,23.0,83.4,0.7198,26.174,73.691,0,361.3,
results_p1/traces_p2_FD004_zs_n30.json,08fe6c684d5513c9ddc6a43fe6cee9fd8a1a93a9e7c52eeb838ce77548a48343,115480,multi-condition,"FD002 and FD004, zero-shot n=30, per-regime scaling",FD004,zero_shot,0,30,run1,llama3.1:8b,248,66.5576,55.9435,172812.6,4,23.0,80.2,0.7938,26.681,77.859,0,366.7,
