dataset,mode,k,n_cycles,run,file,n_engines,RMSE,MAE,NASA_Score,spearman_rho,spearman_p,kendall_tau,kendall_p,distinct_values,modal_value,modal_share_pct,pred_mean,pred_sd,true_sd,sd_ratio_pred_over_true,RMSE_trainmean_const,beats_trainmean_RMSE
FD001,few_shot,3,5,run1,traces_FD001_few_shot_k3.json,100,62.50343990533641,52.38,49741.43680741307,0.05545641707852574,0.5836823417355845,0.045499450377239015,0.5765265701423145,3,23.0,82.0,26.63,7.811743296686941,40.27515839619236,0.1939593438675456,41.94179565195834,False
FD001,few_shot,3,15,run1,traces_FD001_few_shot_k3_n15.json,100,55.31220480147216,47.98,25295.808731334208,0.0276311892564081,0.7849377203569943,0.021984479776866052,0.7873170872075151,3,45.0,64.0,38.03,10.145860478465336,40.27515839619236,0.2519136083503158,41.94179565195834,False
FD001,few_shot,3,30,run1,traces_FD001_few_shot_k3_n30.json,100,50.5390937789747,40.7,133633.49117381466,-0.2107777272579729,0.035292416599196214,-0.16149079500653635,0.03303406484583191,11,95.0,39.0,91.69,17.30632803049191,40.27515839619236,0.4297022958978123,41.94179565195834,False
FD001,few_shot,5,5,run1,traces_FD001_few_shot_k5.json,100,61.78462591939843,52.38,41801.42565625815,0.0699104924278693,0.4894638802004031,0.05918760613721906,0.4641624315666606,3,23.0,76.0,27.95,8.88350531415762,40.27515839619236,0.22057033834030737,41.94179565195834,False
FD001,few_shot,5,15,run1,traces_FD001_few_shot_k5_n15.json,100,53.96285759668403,46.99,18572.450662751122,0.14078211570983595,0.1623865132726003,0.1060512390284462,0.18136244999771522,5,45.0,57.0,38.28,9.734952127735038,40.27515839619236,0.24171108234934682,41.94179565195834,False
FD001,few_shot,5,30,run1,traces_FD001_few_shot_k5_n30.json,100,46.92792345714862,37.59,119410.45231285544,0.026856626978098853,0.7908264581116303,0.01920028672642269,0.8000166055724989,8,95.0,40.0,91.9,15.138084956876684,40.27515839619236,0.3758665529744471,41.94179565195834,False
FD001,few_shot,10,5,run1,traces_FD001_few_shot_k10.json,100,60.31152460351172,50.68,43626.70994973276,0.26125149631100975,0.008653918126374765,0.20479529215956224,0.008329898689829368,7,23.0,53.0,27.95,11.272004294183038,40.27515839619236,0.2798748594182736,41.94179565195834,False
FD001,few_shot,10,15,run1,traces_FD001_few_shot_k10_n15.json,100,53.646714717678655,46.35,23306.78812784914,0.18423603472862815,0.06651483646660969,0.13353071285497173,0.08258938364883488,7,45.0,37.0,40.6,11.791111187258945,40.27515839619236,0.29276386876665106,41.94179565195834,False
FD001,few_shot,10,30,run1,traces_FD001_few_shot_k10_n30.json,100,45.59802627307458,36.32,79567.84344937217,0.051535041198168915,0.6106052074296151,0.04015081077009864,0.5942342671995254,8,95.0,34.0,92.87,11.576408437992862,40.27515839619236,0.28743297106653476,41.94179565195834,False
FD001,zero_shot,0,5,run1,traces_FD001_zero_shot_k0.json,100,60.89852214955631,51.07,41333.3251159249,0.054770926035742996,0.588349253342412,0.0454953454695643,0.5825518684834917,3,23.0,68.0,28.98,8.816857132616457,40.27515839619236,0.21891551724971015,41.94179565195834,False
FD001,zero_shot,0,15,run1,traces_FD001_zero_shot_k0_n15.json,100,61.91179209165246,52.01,45218.18500459703,0.2936431555628189,0.003025117630769833,0.24298184823444857,0.0034811270476337313,2,23.0,84.0,26.04,7.000606034371944,40.27515839619236,0.17381945380589206,41.94179565195834,False
FD001,zero_shot,0,30,run1,traces_FD001_zero_shot_k0_n30.json,100,62.83024749274826,52.58,48468.82547540144,0.11505915236327166,0.25432121515304285,0.095208367598188,0.2522820252966551,2,23.0,85.0,25.85,6.818535344370098,40.27515839619236,0.1692987840617587,41.94179565195834,False
FD001,zero_shot,0,30,run2,traces_FD001_zero_shot_k0_n30_run2.json,100,61.80889903565667,51.34,45488.09436347326,0.2103369438616555,0.03568629084983494,0.17404818877365924,0.03636467504472282,2,23.0,81.0,26.61,7.491267643669589,40.27515839619236,0.18600218948804478,41.94179565195834,False
FD001,zero_shot,0,30,run3,traces_FD001_zero_shot_k0_n30_run3.json,100,61.74431147887229,51.82,43301.285651750615,0.24038507869903486,0.0159934212702472,0.19891221574132487,0.016765914811407788,2,23.0,81.0,26.61,7.491267643669589,40.27515839619236,0.18600218948804478,41.94179565195834,False
FD001,zero_shot,0,30,run4,traces_FD001_zero_shot_k0_n30_run4.json,100,61.5223536610881,51.22,45986.944267409584,0.21341992689036526,0.03300721919322718,0.17504105939026307,0.03446225332160273,3,23.0,80.0,26.83,7.704196678735976,40.27515839619236,0.19128904728191798,41.94179565195834,False
FD003,few_shot,3,5,run1,traces_FD003_few_shot_k3.json,100,55.96105788849957,46.52,32049.519061347004,0.2190795655876354,0.028529399220383694,0.17477894361013624,0.026913243364434004,5,23.0,49.0,33.06,10.47731556335598,39.36339888420678,0.2661689757578237,43.70001135914202,False
FD003,few_shot,3,15,run1,traces_FD003_few_shot_k3_n15.json,100,51.71092727847761,42.88,20279.43759023581,0.04794557758983167,0.6357135633838742,0.03819778127660949,0.6387086416016635,3,45.0,73.0,40.58,8.595488598237115,39.36339888420678,0.21836245959151054,43.70001135914202,False
FD003,few_shot,3,30,run1,traces_FD003_few_shot_k3_n30.json,100,46.38329440649942,38.93,108143.18333577002,-0.12472749969449244,0.21629937690775347,-0.09223651481886914,0.21832872826612781,8,95.0,33.0,88.67,16.36827122912811,39.36339888420678,0.4158246414969851,43.70001135914202,False
FD003,few_shot,5,5,run1,traces_FD003_few_shot_k5.json,100,55.981514806228674,46.75,32901.67633088919,0.31202568770153083,0.0015759440365498893,0.24904535182710982,0.0018573397384932806,3,23.0,57.0,32.01,10.468321621719387,39.36339888420678,0.26594049087360294,43.70001135914202,False
FD003,few_shot,5,15,run1,traces_FD003_few_shot_k5_n15.json,100,51.35552550602515,42.91,19888.03245754357,-0.011360591876371246,0.9106797218748258,-0.010999908701136669,0.8916699309680576,5,45.0,74.0,40.95,8.177790815755966,39.36339888420678,0.2077511355107352,43.70001135914202,False
FD003,few_shot,5,30,run1,traces_FD003_few_shot_k5_n30.json,100,45.71487722831595,38.45,55699.60784034293,-0.12892602050752353,0.20111064291935157,-0.09555054830819602,0.1963210913865142,10,95.0,29.0,84.97,17.346996363298253,39.36339888420678,0.4406884785108875,43.70001135914202,False
FD003,few_shot,10,5,run1,traces_FD003_few_shot_k10.json,100,73.01992878659907,62.27,149709.51430960486,0.15941878793503542,0.1131265998596685,0.13108269838728445,0.11197582023761603,5,10.0,92.0,11.93,6.924199986608232,39.36339888420678,0.17590452508882132,43.70001135914202,False
FD003,few_shot,10,15,run1,traces_FD003_few_shot_k10_n15.json,100,52.257726701417084,43.63,21286.79489840595,0.1744342639510647,0.08260881114039395,0.13768062400002445,0.08297631008781294,3,30.0,49.0,38.65,8.699674903945747,39.36339888420678,0.22100924083149218,43.70001135914202,False
FD003,few_shot,10,30,run1,traces_FD003_few_shot_k10_n30.json,100,47.58014291697746,40.51,71047.58621970193,-0.28391819067505053,0.004201228853456074,-0.2199863671940403,0.003388548177841697,8,95.0,33.0,81.97,17.787440240322113,39.36339888420678,0.4518776514357025,43.70001135914202,False
FD003,zero_shot,0,5,run1,traces_FD003_zero_shot_k0.json,100,58.55792004502892,49.13,37417.56813370059,0.1142084458599033,0.25787321010247527,0.09494259884103495,0.2558060595764058,2,23.0,61.0,30.41,9.313935470003749,39.36339888420678,0.2366141068610985,43.70001135914202,False
FD003,zero_shot,0,15,run1,traces_FD003_zero_shot_k0_n15.json,100,60.42077457298938,50.55,47524.62266832881,0.03881758554832232,0.7013934792010869,0.03189432778451334,0.7013084046620185,3,23.0,71.0,28.29,8.597973686581712,39.36339888420678,0.21842559154695748,43.70001135914202,False
FD003,zero_shot,0,30,run1,traces_FD003_zero_shot_k0_n30.json,100,56.29822377304634,46.57,33469.1620922677,0.22980806804167372,0.021444643079813072,0.19104169617436356,0.022221436062064677,2,23.0,51.0,32.31,9.545949482118136,39.36339888420678,0.24250826282046803,43.70001135914202,False
